Name,Index,PageCount,PageNumber
"10,000 Reasons (Bless The Lord)",1,4,0
A Mighty Fortress Is Our God,2,1,0
All Glory Be To Christ,4,3,0
Above All,3,2,0
All Heaven Declares,5,1,0
All The Poor And Powerless,6,4,0
Amazing Grace,8,1,0
Amazing Grace (My Chains Are Gone),9,3,0
All To Us,7,4,0
Another In The Fire,12,6,0
Are You Washed In The Blood,13,1,0
Ancient Words,10,3,0
And Can It Be (Amazing Love),11,2,0
At The Cross (Love Ran Red),16,5,0
At The Cross,15,1,0
Be Enthroned,17,5,0
As The Deer,14,1,0
Be Thou My Vision,18,1,0
Beautiful One,19,3,0
Because He Lives,20,2,0
Before The Throne Of God Above,21,2,0
Behold The Lord,23,1,0
Blessed Be Your Name,26,2,0
Better Is One Day,24,3,0
Behold Our God,22,2,0
Blessed Assurance,25,1,0
Break Every Chain,27,4,0
Build My Life,29,2,0
Broken Vessels (Amazing Grace),28,3,0
Build Your Kingdom Here,30,3,0
Christ Is Enough,32,4,0
Christ The Lord Is Risen Today (He Is Not Dead),34,3,0
Came To My Rescue,31,3,0
Christ The Lord Is Risen Today,33,1,0
Come Now Is The Time To Worship,35,2,0
Come Thou Fount,36,1,0
Crown Him With Many Crowns,39,1,0
Cornerstone,37,3,0
Crown Him (Majesty),38,4,0
Do It Again,43,4,0
Even So Come,44,4,0
Death Was Arrested,41,4,0
Days Of Elijah,40,3,0
Death Where Is Your Sting,42,3,0
Ever Be,45,3,0
Everlasting God,46,3,0
Faithful,47,4,0
Forgiven,50,4,0
From The Inside Out,51,3,0
Forever,48,2,0
Forever (We Sing Hallelujah),49,3,0
Glorious Day (Living He Loved Me),53,4,0
God Of Wonders,55,4,0
Good Good Father,56,3,0
Glorious Day,52,3,0
God Of This City,54,4,0
Gracefully Broken,57,4,0
Great Are You Lord,58,2,0
Hallelujah For The Cross,62,5,0
Great Is Thy Faithfulness,60,2,0
Great I Am,59,3,0
Great Is Thy Faithfulness (Beginning To End),61,3,0
He Reigns,64,3,0
Healer,65,4,0
Here For You,68,3,0
Hallelujah For The Cross (Up To The Hill),63,3,0
"Heart Of Worship, The",66,2,0
Here I Am To Worship,69,2,0
Here Again,67,3,0
Hosanna,73,1,0
Holy Holy Holy,72,1,0
Here Is Love,70,3,0
Holy (Wedding Day),71,3,0
Hosanna (Praise Is Rising),75,4,0
Hosanna (I See The King Of Glory),74,3,0
How Firm A Foundation,77,1,0
How Great Is Our God,78,2,0
How Deep The Father's Love For Us,76,1,0
I Know Whom I Have Believed,81,1,0
I Lift My Hands,82,4,0
How Great Thou Art,79,2,0
I Can Only Imagine,80,4,0
I Stand Amazed (My Savior's Love),83,1,0
I Stand In Awe,84,2,0
I Will Rise,87,4,0
I Will Follow,86,3,0
I Will Sing The Wondrous Story,89,2,0
I Surrender All,85,1,0
I'll Fly Away,90,1,0
In Christ Alone,91,2,0
I Will Sing Of My Redeemer,88,3,0
Indescribable,92,3,0
It Is Well (Grander Earth),93,3,0
Jesus I Am Resting,95,2,0
It Is Well With My Soul,94,1,0
Jesus Is Alive,96,3,0
Jesus Messiah,97,3,0
Jesus Son Of God,99,4,0
Jesus Paid It All,98,1,0
Just As I Am,100,1,0
King Of My Heart,103,4,0
King Of Kings,102,3,0
Just As I Am (I Come Broken),101,2,0
Knowing You (All I Once Held Dear),104,2,0
Lamb Of God,105,2,0
Lead Me To The Cross (Quiet I Come),107,3,0
Lay Me Down,106,4,0
"Lion And The Lamb, The",109,3,0
Living Hope,110,4,0
Lord I Lift Your Name On High,111,1,0
Like A River Glorious,108,1,0
Lord I Need You,112,4,0
Majesty,116,2,0
"Lord Our God, The",114,2,0
Man Of Sorrows,118,3,0
"Lord Is My Salvation, The",113,4,0
Mercy,119,3,0
"Love Of God, The",115,2,0
Majesty (Here I Am),117,2,0
Mountain (You're Wonderful),123,3,0
Mighty To Save,120,4,0
Mine Eyes Have Seen The Glory (Battle Hymn),121,2,0
Nearer My God To Thee,126,2,0
Mountain,122,4,0
New Wine,127,4,0
My Redeemer Lives,125,2,0
My Lighthouse,124,3,0
O Church Arise,129,2,0
No Longer Slaves,128,3,0
O The Deep Deep Love Of Jesus,132,2,0
Oh What Love,134,3,0
O Come To The Altar,130,4,0
O Praise The Name,131,3,0
Oceans (Where Feet May Fail),133,4,0
Once Again,135,2,0
One Thing Remains (Your Love Never Fails),136,3,0
Onward Christian Soldiers,137,2,0
Open The Eyes Of My Heart,138,2,0
Our God (Water You Turned Into Wine),139,5,0
"Power Of The Cross, The",140,2,0
Praise You In This Storm,142,4,0
Reckless Love,143,4,0
"Power Of Your Love, The",141,2,0
Resurrecting,144,3,0
Rooftops,146,3,0
Seek Ye First,148,1,0
Revelation Song,145,3,0
Shout To The Lord,149,2,0
Scandal Of Grace,147,2,0
"Stand, The",152,2,0
"Solid Rock, The",151,1,0
Stronger,154,3,0
So Will I (100 Billion X),150,5,0
Still (Hide Me Now),153,2,0
Sweetly Broken,155,4,0
There Is A Fountain,157,2,0
Take My Life And Let It Be,156,1,0
There Is A Redeemer,158,1,0
This Is Amazing Grace,159,5,0
To God Be The Glory,162,2,0
Tremble,163,2,0
This Is My Father's World,160,4,0
Tis So Sweet To Trust In Jesus,161,1,0
Trust And Obey,164,1,0
Victory In Jesus (I Heard An Old Old Story),166,2,0
Victor's Crown,165,5,0
What A Beautiful Name,169,3,0
We Believe,168,4,0
Way Maker,167,4,0
When I Survey The Wondrous Cross,171,1,0
When The Roll Is Called Up Yonder,172,1,0
Who You Say I Am,174,3,0
What A Friend We Have In Jesus,170,1,0
Who Am I,173,4,0
Whom Shall I Fear (God Of Angel Armies),175,3,0
"Wonderful Cross, The",176,2,0
Wonderful Merciful Savior,177,2,0
Yet Not I But Through Christ In Me,178,2,0
You Are My King (Amazing Love),182,2,0
You Are Holy (Prince Of Piece),180,4,0
You Are God Alone (Not A God),179,3,0
You Are My All In All,181,1,0
Your Great Name,184,4,0
Your Love Never Fails,185,4,0
Your Grace Is Enough,183,3,0
Your Presence Is Heaven,186,2,0
