Name,Index,PageCount
"10,000 Reasons (Bless The Lord)",1,4
A Mighty Fortress Is Our God,2,1
Above All,3,2
All Glory Be To Christ,4,3
All Heaven Declares,5,1
All The Poor And Powerless,6,4
All To Us,7,4
Amazing Grace,8,1
Amazing Grace (My Chains Are Gone),9,3
Ancient Words,10,3
And Can It Be (Amazing Love),11,2
Another In The Fire,12,6
Are You Washed In The Blood,13,1
As The Deer,14,1
At The Cross,15,1
At The Cross (Love Ran Red),16,5
Be Enthroned,17,5
Be Thou My Vision,18,1
Beautiful One,19,3
Because He Lives,20,2
Before The Throne Of God Above,21,2
Behold Our God,22,2
Behold The Lord,23,1
Better Is One Day,24,3
Blessed Assurance,25,1
Blessed Be Your Name,26,2
Break Every Chain,27,4
Broken Vessels (Amazing Grace),28,3
Build My Life,29,2
Build Your Kingdom Here,30,3
Came To My Rescue,31,3
Christ Is Enough,32,4
Christ The Lord Is Risen Today,33,1
Christ The Lord Is Risen Today (He Is Not Dead),34,3
Come Now Is The Time To Worship,35,2
Come Thou Fount,36,1
Cornerstone,37,3
Crown Him (Majesty),38,4
Crown Him With Many Crowns,39,1
Days Of Elijah,40,3
Death Was Arrested,41,4
Death Where Is Your Sting,42,3
Do It Again,43,4
Even So Come,44,4
Ever Be,45,3
Everlasting God,46,3
Faithful,47,4
Forever,48,2
Forever (We Sing Hallelujah),49,3
Forgiven,50,4
From The Inside Out,51,3
Glorious Day,52,3
Glorious Day (Living He Loved Me),53,4
God Of This City,54,4
God Of Wonders,55,4
Good Good Father,56,3
Gracefully Broken,57,4
Great Are You Lord,58,2
Great I Am,59,3
Great Is Thy Faithfulness,60,2
Great Is Thy Faithfulness (Beginning To End),61,3
Hallelujah For The Cross,62,5
Hallelujah For The Cross (Up To The Hill),63,3
He Reigns,64,3
Healer,65,4
"Heart Of Worship, The",66,2
Here Again,67,3
Here For You,68,3
Here I Am To Worship,69,2
Here Is Love,70,3
Holy (Wedding Day),71,3
Holy Holy Holy,72,1
Hosanna,73,1
Hosanna (I See The King Of Glory),74,3
Hosanna (Praise Is Rising),75,4
How Deep The Father's Love For Us,76,1
How Firm A Foundation,77,1
How Great Is Our God,78,2
How Great Thou Art,79,2
I Can Only Imagine,80,4
I Know Whom I Have Believed,81,1
I Lift My Hands,82,4
I Stand Amazed (My Savior's Love),83,1
I Stand In Awe,84,2
I Surrender All,85,1
I Will Follow,86,3
I Will Rise,87,4
I Will Sing Of My Redeemer,88,3
I Will Sing The Wondrous Story,89,2
I'll Fly Away,90,1
In Christ Alone,91,2
Indescribable,92,3
It Is Well (Grander Earth),93,3
It Is Well With My Soul,94,1
Jesus I Am Resting,95,2
Jesus Is Alive,96,3
Jesus Messiah,97,3
Jesus Paid It All,98,1
Jesus Son Of God,99,4
Just As I Am,100,1
Just As I Am (I Come Broken),101,2
King Of Kings,102,3
King Of My Heart,103,4
Knowing You (All I Once Held Dear),104,2
Lamb Of God,105,2
Lay Me Down,106,4
Lead Me To The Cross (Quiet I Come),107,3
Like A River Glorious,108,1
"Lion And The Lamb, The",109,3
Living Hope,110,4
Lord I Lift Your Name On High,111,1
Lord I Need You,112,4
"Lord Is My Salvation, The",113,4
"Lord Our God, The",114,2
"Love Of God, The",115,2
Majesty,116,2
Majesty (Here I Am),117,2
Man Of Sorrows,118,3
Mercy,119,3
Mighty To Save,120,4
Mine Eyes Have Seen The Glory (Battle Hymn),121,2
Mountain,122,4
Mountain (You're Wonderful),123,3
My Lighthouse,124,3
My Redeemer Lives,125,2
Nearer My God To Thee,126,2
New Wine,127,4
No Longer Slaves,128,3
O Church Arise,129,2
O Come To The Altar,130,4
O Praise The Name,131,3
O The Deep Deep Love Of Jesus,132,2
Oceans (Where Feet May Fail),133,4
Oh What Love,134,3
Once Again,135,2
One Thing Remains (Your Love Never Fails),136,3
Onward Christian Soldiers,137,2
Open The Eyes Of My Heart,138,2
Our God (Water You Turned Into Wine),139,5
"Power Of The Cross, The",140,2
"Power Of Your Love, The",141,2
Praise You In This Storm,142,4
Reckless Love,143,4
Resurrecting,144,3
Revelation Song,145,3
Rooftops,146,3
Scandal Of Grace,147,2
Seek Ye First,148,1
Shout To The Lord,149,2
So Will I (100 Billion X),150,5
"Solid Rock, The",151,1
"Stand, The",152,2
Still (Hide Me Now),153,2
Stronger,154,3
Sweetly Broken,155,4
Take My Life And Let It Be,156,1
There Is A Fountain,157,2
There Is A Redeemer,158,1
This Is Amazing Grace,159,5
This Is My Father's World,160,4
Tis So Sweet To Trust In Jesus,161,1
To God Be The Glory,162,2
Tremble,163,2
Trust And Obey,164,1
Victor's Crown,165,5
Victory In Jesus (I Heard An Old Old Story),166,2
Way Maker,167,4
We Believe,168,4
What A Beautiful Name,169,3
What A Friend We Have In Jesus,170,1
When I Survey The Wondrous Cross,171,1
When The Roll Is Called Up Yonder,172,1
Who Am I,173,4
Who You Say I Am,174,3
Whom Shall I Fear (God Of Angel Armies),175,3
"Wonderful Cross, The",176,2
Wonderful Merciful Savior,177,2
Yet Not I But Through Christ In Me,178,2
You Are God Alone (Not A God),179,3
You Are Holy (Prince Of Piece),180,4
You Are My All In All,181,1
You Are My King (Amazing Love),182,2
Your Grace Is Enough,183,3
Your Great Name,184,4
Your Love Never Fails,185,4
Your Presence Is Heaven,186,2
